"מק""ט",תיאור פריט,במלאי,"מחיר בש""ח לא כולל מע""מ",מתאים לדגמים,סיווג מוצר
1110003 ADU0110,יחידת בקרת הרכב,כן,"8,916.60",GE3 A75,מקורי
1510039 ADU0100,מנוע,כן,"22,683.50",,מקורי
1520013 ADU0500,יחידת בקרת מנוע,כן,"18,438.90",GE3 A75,מקורי
2310003 ASV0000,מכלול רדיאטור ומאווררים,כן,"5,454.70",GE3 A75,מקורי
2310004 AV0000,רדיאטור,כן,"1,528.10",GE3 A75,מקורי
2310005 ASV0000,מאוורר חשמלי,כן,"1,055.30",,מקורי
2310005 ASV0300,מאוורר אלקטרוני,כן,"4,044.60",GE3 A75,מקורי
2310009 AAF0000,תושבת לרדיאטור,כן,28.50,GE3 A75,מקורי
2320003 AAF0000,מיכל עיבוי,כן,317.00,,מקורי
2420003 ASG0000,תושבת מנוע שמאלית,כן,"1,066.20",,מקורי
2420006 ASG0000,תושבת אחורית לתיבת הפחתה,כן,"1,328.30",,מקורי
2510015 ADUS020,מארז תחתון למצבר,כן,"22,894.90",GE3 A75,מקורי
2510015 ADUS040,מצבר 6S,כן,"15,592.90",GE3 A75,מקורי
2510015 ADUS050,מצבר 4S,כן,"10,089.60",,מקורי
2510015 ADUS060,יחידת בקרת מצבר,כן,"10,252.50",,מקורי
2510015 ADUS080,נגד,כן,"1,199.40",GE3 A75,מקורי
2510015 ADUS090,ממסר מתח גבוה,כן,"1,482.60",,מקורי
2510015 ADUS100,יחידת ממסרים,כן,"4,289.40",GE3 A75,מקורי
2510015 ADUS180,צמת חוטים פיקוד מצבר מתח גבוה,כן,619.30,,מקורי
2510015 ADUS250,פלטת מקרן,כן,"8,055.90",,מקורי
2510015 ADUS260,פלטת מקרן,כן,"3,196.00",,מקורי
22510015 ADUS270,צינור חיבור,כן,321.60,,מקורי
2510015 ADUS280,צינור חיבור,כן,445.20,,מקורי
2510015 ADUS290,צינור חיבור,כן,445.20,,מקורי
2510015 ADUS300,מתאם,כן,445.20,,מקורי
2510015 ADUS310,פד תרמי,כן,323.90,,מקורי
2510015 ADUS320,תושבת,כן,165.70,,מקורי
2510015 ADUS330,תושבת,כן,172.50,,מקורי
25010015 ADUS340,אטם למכסה קדמי,כן,832.20,,מקורי
2510015 ADUS350,אטם למארז מצבר,כן,"1,044.50",,מקורי
2510015 ADUS360,אטם לפלג שירות,כן,598.80,,מקורי
2510015 ADUS370,מפתח חכם מושלם,כן,"1,796.50",GE3 A75 Hyper Tech HT,מקורי
2510015 ADUS380,פד טרמי,כן,128.20,,מקורי
2510015 ADUS390,בורג M6×105,כן,16.40,,מקורי
2510015 CFC1100,מארז מצבר מתח גבוה מושלם,כן,"136,788.90",,מקורי
2510197 ERD0000,נתיך בטיחות מתח גבוה,כן,"3,700.90",AION V,מקורי
2510225 ERD0200,יחידת ממסרים למתח גבוה,כן,"5,057.20",AION V,מקורי
2520106 AFC1500,יחידת עזר לסוללת מתח גבוה,כן,"5,191.70",AION V,מקורי
2610003 AVN0500,בית מאוורר עם מנוע,כן,"4,149.20",AION Y,מקורי
2610003 CFC0000,רדיאטור עם מאוורר,כן,"5,488.20",Hyper Tech,מקורי
2610003 ERD0100,רדיאטור עם מאוורר,כן,"4,954.80",AION V,מקורי
2610004 AU0000,שטיח תא מטען גומי HT,כן,930.70,GE3 A75 Hyper Tech,מקורי
2610018 ADU0000,מצנן לסוללה,כן,"4,039.50",,מקורי
2610049 CRD0001,יחידת ניהול טרמי משולבת,כן,"11,579.70",Hyper Tech,מקורי
2610049 CRDS002,משאבת נוזל קירור,כן,816.10,Hyper Tech,מקורי
2620003 BAC0200,מיכל נוזל קירור הסוללה והמנוע,כן,706.80,,מקורי
2630003 AVN0500,משאבת נוזל קירור חשמלית,כן,"1,591.40",AION Y Hyper Tech,מקורי
2630004 ADU0500,משאבת מים חשמלית,כן,"2,319.20",,מקורי
2640002 CFC0600,צינור קירור למנוע אחורי,כן,"1,213.20",Hyper Tech,מקורי
2640010 CFC0000,צינור קירור למנוע אמצע,כן,"2,163.10",Hyper Tech,מקורי
2640012 CFC0000,צינור קירור למנוע קדמי,כן,"1,183.00",Hyper Tech,מקורי
2640015 CFC0000,צינור קירור סוללה ל ITS,כן,872.30,Hyper Tech,מקורי
2640016 CFC0900,צינור ITS לרדיאטור,כן,841.60,Hyper Tech,מקורי
2640017 CFC0000,צינור רדיאטור ל ITS,כן,"1,046.90",Hyper Tech,מקורי
2640057 CVN0000,צינור מס 1 לרדיאטור,כן,228.20,AION V,מקורי
2640195 CFC0000,צינור נשם רדיאטור,כן,809.00,Hyper Tech,מקורי
2640195 CFC0300,צינור נשם רדיאטור,כן,809.00,Hyper Tech,מקורי
2640260 CVN0000,צינורות קירור לסוללה,כן,770.30,AION V,מקורי
2640329 CVN0000,צינור יציאה מרדיאטור,כן,218.50,AION V,מקורי
2660003 CRD0100,יחידת ניהול טמפרטורה משולבת,כן,"10,469.80",AION V,מקורי
2710007 ADU0000,חווי טעינה שמאל,כן,"1,029.40",,מקורי
2710007 ADU0100,חווי טעינה ימין,כן,"1,029.40",,מקורי
2730003 ADU0003,יחידת ניהול טעינה,כן,"18,706.40",GE3 A75,מקורי
2730003 AVN1500,יחידת בקרת טעינה,כן,"14,292.30",AION Y,מקורי
2730003 CVN0500,יחידת ניהול טעינה משולבת,כן,"13,399.10",AION V,מקורי
